S.no.,Team,Project ,Location,Awarded ,Amount,Project date ,Allocated person,Organisation ,Status
1,Team A,4L of Greenfield section from Sirhind to Mohali,Punjab,Varindera Constructions Limited (Lead Member of JV - Varindera Constructions Ltd. and Vijai Construction (India) Pvt. Ltd.),Big as greenfield project  (to be researched),08-05-2023,Vipin,NHAI,Contacted
2,Team A,"Construction of residual canal works after 17.1 km of Bagodar Branch Canal incl. distributaries, minors, open channel & UGPL + 10 years O&M",Jharkhand,Unipro Techno Infrastructure Pvt. Ltd.,₹677.5 Cr,2/27/2025,Vipin,NA,Contacted
3,Team A,6L Access Controlled Greenfield Highway from Kavulakuntla (Ch. 196+000) to Narayanmpet (Ch. 203+500)(Package-09),Andhra Pradesh,Max Infra (I) Private Limited,Big as greenfield project  (to be researched),07-02-2025,Vipin,NHAI,Contacted
4,Team A,"4L Access Controlled Greenfield Highway section on NH-163G (Warangal-Khammam) from Thallasenkesa village at Design Ch.
 189.650 km to V.Vekatayapalem village in Khammam District at Design Ch. 220.480 Km(Package-III)",Hyderabad/Telangana,VDB Projects (P) Ltd.,Big as greenfield project  (to be researched),03-07-2025,Vipin,NHAI,Contacted
5,Team A,"Road Safety works with Restoration of Highway from the Junction of Green City Chowk to Ballaram Chowk and Installation of Safety Measures in Bathinda City Section
 of New NH-07",Punjab,Shivam Construction Co.,Big as greenfield project  (to be researched),27-07-2023,Vipin,NHAI,Contacted
6,Team A,"6L Greenfield Varanasi-Ranchi-Kolkata Highway from Anarbansalea village to Sagrampur village (From KM. 151+200 to
 KM. 184+700)(Package-7)",Bihar,GR Infra,Big as greenfield project  (to be researched),01-07-2025,Vipin,NHAI,Contacted
7,Team A,"4L Greenfield Rudhi to Deshgaon (Pkg V of
 Betul-Khandwa/Deshgaon)",Madhya Pradesh,Shree Belhekar JV,Big as greenfield project  (to be researched),06-10-2023,Ritesh,NHAI,Contacted
8,Team A,Bettiah Water Supply scheme under AMRUT 2.0,Bihar,M/s GANADHIPATI CONSTRUCTION PRIVATE LIMITED,56.60 Cr,12 Nov 2025,Ritesh,BUIDCO,Contacted
9,Team A,Construction of Storm Water Drainage for Saharsa Nagar Nigam Phase-II,Bihar,DAV CONSTRUCTIONS PVT LTD,124.19 Cr,16 Sep 2025,Ritesh,BUIDCO,Contacted
10,Team A,Construction of Storm Water Drainage for Hajipur Phase-I,Bihar,AMIT KUMAR,57.00 Cr,23 Aug 2025,Ritesh,BUIDCO,Contacted
11,Team A,Construction of Storm Water Drainage for Hajipur Phase-II,Bihar,AMIT KUMAR,52.84 Cr,23 Aug 2025,Ritesh,BUIDCO,Contacted
12,Team A,Biharsharif Water Supply Scheme under AMRUT 2.0,Bihar,Kashmirilal Constructions (P) Ltd,128.23 Cr,24 Jul 2025,Ritesh,BUIDCO,Contacted
13,Team A,Anandpuri Nala (baba Chowk To Atal Path A.n. College Indra Sinha Path-rajapur Pul),Bihar,M/s AVIAN INFRASTRUCTURE AND ENERGY PRIVATE LIMITED,77.90 Cr,01 Jul 2025,Ritesh,BUIDCO,Contacted
14,Team A,Kurjee Nala from Rajeev Nagar DPS to Shakuntala Market to Atal Path to Kurjee DPS.,Bihar,M/s AVIAN INFRASTRUCTURE AND ENERGY PRIVATE LIMITED,149.57 Cr,01 Jul 2025,Ritesh,BUIDCO,Contacted
15,Team A,Nawada Water Supply - Water Supply Scheme in Nagar Parishad Nawada for Extended Areas in 44 Wards and Newly inhabited Houses (State Plan),Bihar,M/s GANADHIPATI CONSTRUCTION PRIVATE LIMITED,176.17 Cr,30 Jun 2025,Ritesh,BUIDCO,Contacted
16,Team A,"Construction of Storm Water Drainage System for Chhapra Nagar Nigam Area, Chhapra, Bihar under Atmanirbhar Bihar Saat Nischay-2",Bihar,JAINAM CONSTRUCTION,149.44 Cr,29 Aug 2024,Ritesh,BUIDCO,Contacted
17,Team A,"Construction Of Storm Water Drainage System For Madhepura Nagar Parishad Area, Madhepura, Bihar Under Nischay-2",Bihar,AA PATNA JV,63.25 Cr,21 Mar 2024,Ritesh,BUIDCO,Contacted
18,Team A,"Construction of Storm Water Drainage System for Ara Nagar Nigam Area, Ara, Bihar under Atmanirbhar Bihar Saat Nischay-2",Bihar,RAJEEV RANJAN,74.01 Cr,12 Mar 2024,Ritesh,BUIDCO,Contacted
19,Team A,"Construction of Storm Water Drainage System for Bettiah Nagar Nigam Area, Bettiah, Bihar under Nischay-2",Bihar,M/s C K INFRASTRUCTURES LIMITED,58.24 Cr,08 Feb 2024,Ritesh,BUIDCO,Contacted
20,Team A,"Construction of Storm Water Drainage System for Samastipur Nagar Nigam Area, Samastipur, Bihar under Nischay-2",Bihar,RAJEEV RANJAN & AURICK CONSTRUXIVE (JV),50.56 Cr,08 Feb 2024,Ritesh,BUIDCO,Contacted
21,Team A,"Renovation of Saidpur Nala of Patna Town, Bihar under Nischay-2",Bihar,RAJEEV RANJAN & AURICK CONSTRUXIVE (JV),249.31 Cr,08 Feb 2024,Ritesh,BUIDCO,Contacted
22,Team A,"Construction of Storm Water Drainage System for Purnia Nagar Nigam Area, Purnia, Bihar under Nischay-2",Bihar,M/s C K INFRASTRUCTURES LIMITED,85.76 Cr,01 Feb 2024,Ritesh,BUIDCO,Contacted
23,Team A,"Construction of Storm Water Drainage System for Sitamarhi Nagar Nigam Area, Sitamarhi, Bihar under Nischay-2",Bihar,M/S DEV CONSTRUCTION,100.29 Cr,30 Jan 2024,Ritesh,BUIDCO,Contacted
24,Team A,"Construction of Storm Water Drainage System for Sheohar Nagar Parishad Area, Sheohar, Bihar under Nischay-2",Bihar,WHALE BLUE HITECH PRIVATE LIMITED,57.08 Cr,03 Jan 2024,Ritesh,BUIDCO,Contacted
25,Team A,"Construction of Bairiya Bus Stand Under Muzaffarpur Smart City Mission, Bihar",Bihar,M/s C K INFRASTRUCTURES LIMITED,138.90 Cr,07 Nov 2023,Ritesh,BUIDCO,Contacted
26,Team A,"Construction of Storm Water Drainage System for Darbhanga Town Area, Darbhanga, Bihar under Nischay-2",Bihar,JALARAM RADHE JV,271.00 Cr,04 Nov 2023,Ritesh,BUIDCO,Contacted
27,Team A,"Development of Crematorium at Bans Ghat Under Patna Smart City, India.",Bihar,M/s SRICO PROJECTS PRIVATE LIMITED,84.10 Cr,04 Nov 2023,Ritesh,BUIDCO,Contacted
28,Team A,"Construction of Comprehensive Storm Water Drainage Systems in Patna Nagar Nigam, Khagaul, Danapur, Phulwarisharif and Adjoining area of Catchment -9",Bihar,JALARAM PROJECTS PVT LTD,90.64 Cr,30 Oct 2023,Ritesh,BUIDCO,Contacted
29,Team A,"Construction of Comprehensive Storm Water Drainage Systems in Patna Nagar Nigam, Khagaul, Danapur, Phulwarisharif and Adjoining area of Catchment-1",Bihar,RADHE ASSOCIATE,261.25 Cr,30 Oct 2023,Ritesh,BUIDCO,Contacted
30,Team A,"Construction of water supply scheme (phase-II) of Aurangabad Nagar Parishad under AMRUT and state plan Scheme with operation & maintenance work for five years, with -
 
 (A) Construction of Elevated Service reservoir (ESR)/OHT-7 Nos., Distribution Network 96.68 km, Service connection-1400 Nos. 
 
 (B) Construction of High Yielding Tubewell-12 Nos., Raw Water Pump-1 set, Approach road-779.90 M (for CWR, ESR), Clear Water Pipe Line (CWR at Barun-20.10 km, (600 mm dia DI k9 Pipe), Construction of Gangway-1 set (3000m long 1 m wide), Lifting Arrangement 2 set, Chlorinator (200L)-1 No., Construction of Chlorinator room 1 No., Stand Post-20 Nos., Master Elevated Reservoir-1 No. (1270 KL), having office room and toilet at ground floor below tank area Intermediate Pumping Station-3 Nos., (Zone-III, Zone-V, Zone VI), Clear Water reservoir-1 No. at Barun (1340 KL), Clear Water Pump-1 Set, Clean Water Pumping Main-630 M (250mm dia, 600mm dia), Clear Water Gravity Main-12.012 km (250mm dia, 750mm dia), DI/CI/HDPE Distribution Network 77.81 km (Zone I, III & IV), House Service Connection-8340 Nos., SCADA System-8 Nos.",Bihar,umang infrastructure,132.67 Cr,09 Jun 2023,Ritesh,BUIDCO,Contacted
31,Team A,Construction Of Water Supply System For Full Coverage Of 35 Nos. Of Partially Covered Wards Of Darbhanga Nagar Nigam Including Operation & Maintenance For 5 (five) Years,Bihar,umang infrastructure,138.27 Cr,09 Jun 2023,Ritesh,BUIDCO,Contacted
32,Team A,"Construction of Comprehensive Storm Water Drainage Systems in Patna Nagar Nigam, Khagaul, Danapur, Phulwarisharif and Adjoining area of Catchment -2",Bihar,M/S DEV CONSTRUCTION,67.64 Cr,24 May 2023,Ritesh,BUIDCO,Contacted
33,Team A,"Construction of Comprehensive Storm Water Drainage Systems in Patna Nagar Nigam, Khagaul, Danapur, Phulwarisharif and Adjoining area of Catchment -5",Bihar,M/s SUDHAKARA INFRATECH PRIVATE LIMITED,105.35 Cr,07 Mar 2023,Ritesh,BUIDCO,Contacted
34,Team A,"Construction Of Comprehensive Storm Water Drainage Systems In Patna Nagar Nigam, Khagaul, Danapur, Phulwarisharif And Adjoining Area Of Catchment -4",Bihar,WHALE BLUE HITECH PRIVATE LIMITED,103.76 Cr,06 Mar 2023,Ritesh,BUIDCO,Contacted
35,Team A,"Construction of Comprehensive Storm Water Drainage Systems in Patna Nagar Nigam, Khagaul, Danapur, Phulwarisharif and Adjoining area of Catchment -3",Bihar,M/s SUDHAKARA INFRATECH PRIVATE LIMITED,103.00 Cr,06 Mar 2023,Ritesh,BUIDCO,Contacted
36,Team A,Widening & Strengthening Work of Chhotkipatti Bargaon to Kadmahwa via Bargaon-Khairpokhara-Barwa Bairati (Ch 0.00 to 25.850) Total Length-25.850 Km Including 2Nos. HL Bridge Size 3x12m for the year 2025-26,Bihar,JAI MATA DI ROAD CONSTRUCTION PVT LTD,56.99,21 Nov 2025,Ritesh,Road Construction Department,Contacted
37,Team A,"Design and Construction of Twin Tunnel by Shield TBM, Tunnel by Cut and Cover, Underground Ramp at Rukanpura and Three Underground Metro Stations Including Architectural Finishing, WS, SI and DW of Stations of Phase-I of Patna MRTS.",Bihar,Hindustan Construction Co. Ltd.,1038.71,26 Sep 2025,Ritesh,Delhi Metro Rail Corporation Limited,Contacted
38,Team A,Construction Of Nawada Bypass From 97th Km Of Nh-31 To Kadirganj Sh-08 (near Approach Of Sakri River Bridge) Along With Rob Near Sadipur Halt In The District Of Nawada,Bihar,M/s JSP PROJECTS PRIVATE LIMITED,107.27,27 Aug 2025,Ritesh,Bihar Rajya Pul Nirman Nigam Limited,Contacted
39,Team A,Quotation Invited for rates of different items in Ulitity Shifting work of Construction of H.L Bridge over Swarnrekha River in Sakchi to Mango Road including construction of Elevated Approaches towards Mango and Azad Basti in East Singhbhum District,Jharkhand,OM SAI RAM BUILDTECH PRIVATE lTD,87.05,14 Oct 2025,Ritesh,Road Construction Department,Contacted
40,Team A,Construction of Balanced work of 2 Lane H.L. RCC Bridge with its Approaches from CH 0.000 to 2.150 KM across river sone in the State of Bihar (Via Panduka) and Jharkhand under CRIF Scheme on EPC Mode.,Jharkhand,V.K.Gupta and Associates,136.47,22 Aug 2025,Ritesh,Ministry Of Road Transport And Highways,Contacted
41,Team A,"“Construction of Six Major composite Girders Bridges Br.No.5(3x24.4m span), Br. No11 (ROB-1x18.0m span ), Br.No.14(6x24.4m span ), Br.No.15(6x24.4m span), Br.No.16(6x24.4m span) & Br.No.17(6x24.4m span)with RCC Substructure over Bokaro river & Chutua Nala with substructure, Super structure , both end approaches and related protection works in connection with construction of Rail Infrastructure facilities proposed between Dania Railway siding & Kedla Washery for Kotre- Basantpur- Pachmo Coal mines (KBP) of CCL siding Dist-Charhi, Hazaribagh ,Jharkhand, PKG-III”",Jharkhand,Mehrotra Buildcon Private Ltd.,88.66,21 Aug 2025,Ritesh,RITES Limited,Contacted
42,Team A,Six-Laning of Panipat–Jalandhar Section of NH-1 (New NH-44),Haryana,Rajinder Infrastructure Pvt Ltd,₹40.11 Cr,29 Dec 2025,Ritesh,Haryana Projects,Contacted
43,Team A,"Construction of Guide Bunds for HL Bridge on Yamuna River (Bilaspur–Khojkipur, Panipat)",Haryana,Vijay Kansal Contractor,₹30.99 Cr,28 Oct 2025,Ritesh,Haryana Projects,Contacted
44,Team A,"Construction of ROB on Jind–Panipat & Delhi–Ambala Railway Sections, Panipat",Haryana,M/s Maan Builders,₹51.46 Cr,25 Aug 2025,Ritesh,Haryana Projects,Contacted
45,Team A,"Construction of residual, reconstruction, repair & maintenance works including structural works after 17.1 km of Bagodar Branch Canal and its distributaries/minors under Konar Irrigation Project on turnkey basis with 10 years OMM",Jharkhand,LCC Projects Pvt. Ltd.,₹607.2 Cr,2/27/2025,Ravi,Bihar/Jharkhand 500 cr+,Contacted
46,Team A,"Road Safety works with Restoration of Highway from the Junction of Green City Chowk to Ballaram Chowk and Installation of Safety Measures in Bathinda City Section
 of New NH-07",Punjab,Shivam Construction Co.,Big as greenfield project  (to be researched),27-07-2023,Ravi,NHAI,Contacted
47,Team A,"6L of Ambala-Chandigarh greenfield section from Km. 0.000 to Km. 25.000 with 4L spur to Lalru from Km. 0.000 to Km. 5.828 & spur to PR-7 road from Km. 0.000 to Km.
 11.157",Punjab,VRC Constructions (India) Pvt. Ltd.,Big as greenfield project  (to be researched),12-10-2023,Ravi,NHAI,Contacted
48,Team A,"4L Green Field Northern – East side Gorakhpur Bypass (26.616 Kms) starting from NH-29E (Chainage 83.308) and end at
 NH-28 (Chainage 285.100)",Uttar Pradesh,Vijai Construction (India) Pvt. Ltd.,Big as greenfield project  (to be researched),03-01-2024,Ravi,NHAI,Contacted
49,Team A,General Cold calling (Extracted Bulk List) Big Contractor,Bihar,Raj Construction (Prop - Dinesh Kumar Singh),,,Ravi,PWD,Contacted
50,Team A,General Cold calling (Extracted Bulk List) Big Contractor,Bihar,Shiva Enterprises Prop Shivdatt Kumar,,,Ravi,PWD,Contacted
51,Team A,General Cold calling (Extracted Bulk List) Big Contractor,Bihar,Harsh Construction Proprietor Awnik Kumar,,,Ravi,PWD,Contacted
52,Team A,General Cold calling (Extracted Bulk List) Big Contractor,Bihar,Rishabh Enterprises Proprietor Rohit Kumar,,,Ravi,PWD,Contacted
53,Team A,General Cold calling (Extracted Bulk List) Big Contractor,Bihar,Ms Bhavya Enterprises (Prop-Nisha Singh),,,Ravi,PWD,Contacted
54,Team A,General Cold calling (Extracted Bulk List) Big Contractor,Bihar,A K Builder Prop Abdul Khalid,,,Ravi,PWD,Contacted
55,Team A,General Cold calling (Extracted Bulk List) Big Contractor,Bihar,M/S Ganpati Infra,,,Ravi,PWD,Contacted
56,Team A,General Cold calling (Extracted Bulk List) Big Contractor,Bihar,Sharma Enterprises Prop Raju Sharma,,,Ravi,PWD,Contacted
57,Team A,General Cold calling (Extracted Bulk List) Big Contractor,Bihar,Singh Construction,,,Ravi,PWD,Contacted
58,Team A,General Cold calling (Extracted Bulk List) Big Contractor,Bihar,Aditya Enterprises Prop Brajesh Kumar Singh,,,Ravi,PWD,Contacted
59,Team A,Construction of Flatted Factory at Sector 28Yamuna Expressway Industrial Development Authority on EPC Basis,Uttar Pradesh,m/s abhilasha enterprises,97.4,,Ravi,Yamuna Expressway Industrial Development Authority,Contacted
60,Team A,Design Engineering And Procurement For Construction Of Medical College Building Library Hostels Etc In Government Institute Of Medical Sciences Greater Noida District Gautam Buddha Nagar Uttar Pradesh On Epc Mode,Uttar Pradesh,m/s abhilasha enterprises,121.4,,Ravi,Yamuna Expressway Industrial Development Authority,Contacted
61,Team A,"Development of Silicon City Phase-IV Group Housing including allied works at Plot No. GH 01 A, Sector-76, Noida (UP) on EPC basis with O&M for 02 years",Uttar Pradesh,m/s j kumar infraprojects ltd.,1073.3,,Ravi,NBCC INDIA,Contacted
62,Team A,Design Engineering and Procurement for Construction of Residential and Non Residential Buildings of 49th Vahini PAC Battalion at District Gautambudhnagar UP India on EPC mode,Uttar Pradesh,kalyan toll infrastructure limited,219.3,,Ravi,Planning Department,Contacted
63,Team A,Lucknow - CE -NCR - EE-Noida-CD,Uttar Pradesh,hilltop ref engineers private limited,58.1,,Ravi,Central Public Works Department,Contacted
64,Team A,Construction Of New Office Building And Upgradation Of Infrastructure Facilities Stormwater Drains Resurfacing Of Roads Boundary Wall Height Extension Etc At Noida Special Economic Zone Nsez Phase-ii Noida U.p,Uttar Pradesh,universal contractors and engineers limited,59.5,,Ravi,Engineers India Limited,Contacted
65,Team A,"Balance Works Of Barrage And Desilting Chamber-open Works, Tapovan Vishnugad Hydro Electric Power Project (4x130 Mw),cs-5505-905a-9",Uttar Pradesh,pes engineers private limited,331.6,,Ravi,NTPC,Contacted
66,Team A,Internal Development work of Sector 16 part 3 and Balance work of part I YEIDA on EPC basis,Uttar Pradesh,m/s sunil kumar jain,54.5,,Ravi,Yamuna Expressway Industrial Development Authority,Contacted
67,Team A,Pipeline Laying And Associated Works For C2/c3 Pipeline Project From Vijaipur To Pata,Uttar Pradesh,jsiw infrastructure private limited,190,,Ravi,GAIL,Contacted
68,Team A,Construction of secondary access road (0.75 Km) for emergencies and VIPs exit for Noida International Airport YEIDA of 30m wide peripheral road from point H-E-D1-C (8.00 Km) along Northern and Eastern side boundary wall of Airport on item rate basis,Uttar Pradesh,apco infratech pvt ltd,239.8,,Ravi,NHAI,Contacted
69,Team A,Construction Of Major Underpass (by Diaphragm Wall Technology) Under Noida Greater Noida Expressway At Ch. 6.10 Km.,Uttar Pradesh,c s infraconstruction limited,72,,Ravi,NOIDA,Contacted
70,Team A,"Construction of Lateral & Axial Roads in the state of Punjab & Rajasthan along the Indo-Pakistan Border. (SH:- Lateral & Axial road, Jaisalmer North Sector, package - II) including 5 years maintenance (On EPC Mode-I).<br><b>Subwork/Packages:</b>Lateral & Axial road, Jaisalmer North Sector, package - II) including 5 years maintenance (On EPC Mode-I).",New Delhi,M/S HEERA RAM GODARA,95.00 Cr,,Ravi,CPWD,Contacted
71,Team A,"Comprehensive conservation, retrofitting and setting up of Utility Building in South Block, New Delhi, Phase-I.<br><b>Subwork/Packages:</b>Comprehensive conservation, retrofitting and setting up of Utility Building in South Block, New Delhi, Phase-I.",New Delhi,VRC Constructions (India) Limited,253.69 Cr,,Ravi,CPWD,Contacted
72,Team A,"Balance work of construction of Headquarters Building (03 Basement, Ground, Eleven Floors) for CRPF (Composite Structure) on EPC basis at CGO Complex, New Delhi. SH:- Civil Works including Internal Water Supply and Sanitary Installations, Sewerage System, Drainage and Development of Site, Electrical Works including Internal Electrical Installations, Fire Fighting, Fire Alarm System, Air Conditioning, Lifts, STP, Substation, DG Sets, CCTV, Access Control System and Solar Photovoltaic Power Generation System and SOlar Heating System, Audio Video System, IBMS System, LAN etc, External Development Works, Horticulture Works and Other Misc. Works.",New Delhi,GIRDHARI LAL CONSTRUCTIONS PVT. LTD.,165.13 Cr,,Ravi,CPWD,Contacted
73,Team A,Construction of Academic Block (G Plus 4) and Hostel Block (GPlus 5) including allied services at IIMC New Delhi.<br><b>Subwork/Packages:</b>Construction of Academic Block (G plus 4) and Hostel Block (G plus 5) including allied services at IIMC New Delhi,New Delhi,Parinita Infratech LLP,60.42 Cr,,Ravi,CPWD,Contacted
74,Team A,"Development of Rashtrapati Upvan into a Public Part at Dehradun. (SH: Civil, Electrical and Horticulture Work)",New Delhi,KBG ENGINEERS,164.34 Cr,,Ravi,CPWD,Contacted
75,Team A,"Redevelopment Of General Pool Residential Colony At Sriniwaspuri (package-1), New Delhi - Construction Of 3112 Nos. Type-iii Residential Units Including Single Basement, Stilt And Three Level Podium Parking, 1 No. Multi-level Car Parking, Community Centre And Cghs Dispensary Including All Development Works And Services On Epc (mode-i) Basis Including Comprehensive Maintenance & Operation Of Service For 1825 Days After Completion Of Original Construction Work.",New Delhi,M/s. D. E. C. Infrastructure and Projects (India) Private Limited,1987.09 Cr,,Ravi,CPWD,Contacted
76,Team A,"Construction of Common Central Secretariat Building 6 & 7 in Plot No. 22B & C, Maulana Azad Road, New Delhi.",New Delhi,Larsen & Toubro Limited,2198.44 Cr,,Ravi,CPWD,Contacted
77,Team A,"Construction of Central Ayurveda Research Institute at FC-5, Block - A, Sector -28 Rohini New Delhi (SH:- Planning, Design and Construction of Central Ayurveda Research Institute Building consisting of 2 Basements, Administrative Block ( G Plus 3 floors), Treatment Block (G Plus 3 floors), OPD Block (G Plus 3 floors) and IPD Block (G Plus 6 floors), Corner Block (G Plus 1 floors) including all Civil, E&M, Plumbing , Horticulture and Development works on EPC Mode -1 Basis ( Design & Build).",New Delhi,M/S B L INFRA PROJECTS PRIVATE LIMITED,124.70 Cr,,Ravi,CPWD,Contacted
78,Team A,"Construction of steel structure non-residential buildings using pre-engineered construction technology including development of areas and all services complete in all respect including maintenance for five years on EPC basis at KG Marg (near Asia House) and Africa Avenue (near Sarojini Nagar depot), New Delhi. SH: Construction and installation of fully automatic multilevel car parking system<br><b>Subwork/Packages:</b>Construction and installation of fully automatic multilevel car parking system.",New Delhi,GLOBE CIVIL PROJECTS PRIVATE LIMITED,103.39 Cr,,Ravi,CPWD,Contacted
79,Team A,Construction of Four Lane Highway from Gazipur-Ballia UP-Bihar State Border (Greenfield) section of NH-31 Package-I from Hridaipur (km 0.000) to Shahapur (km 42.500) on EPC Mode in the state of Uttar Pradesh,Bihar,Ravi Infrabuild Projects Pvt. Ltd.,621.00 Cr,,Rishabh,NHAI,Contacted
80,Team A,Development of 6lane GF Ring Road(PckgIII) starts from 51.200 to 68.650(Length 17.450kms) around Kanpur City and Construction of 4lane Airport link road(Length 1.45 km) at 62.090 of Kanpur ring road in UP on EPC mode,Uttar Pradesh,HILLWAYS CONSTRUCTION COMPANY PVT LTD,612.50 Cr,07 Aug 2025,Rishabh,NHAI,Contacted
81,Team A,Road Safety Improvement of existing four lane section of Muzaffarnagar-Haridwar Section of NH-334 on EPC Mode in the state of Uttar Pradesh and Uttarakhand under NH(O),Uttar Pradesh,M/S HIMALAYAN CONSTRUCTION,119.27 Cr,17 Sep 2024,Rishabh,NHAI,Contacted
82,Team A,"6L Access Controlled Greenfield Highway from Yerragudipadu (Ch. 129+000) to Audireddipalle (Ch. 160+000) of [NH – 544G]
 (Package-6)",Andhra Pradesh,Megha Engineering and Infrastructure Ltd.,Big as greenfield project  (to be researched),12-02-2024,Rishabh,NHAI,Contacted
83,Team A,"6L Access Controlled Greenfield Highway from Nallacheruvu palli (Ch. 96+300) to Yerragudipadu (Ch. 129+000) of [NH-544G]
 (Package-5)",Andhra Pradesh,Megha Engineering and Infrastructure Ltd.,Big as greenfield project  (to be researched),12-02-2024,Rishabh,NHAI,Contacted
84,Team A,"6L Access Controlled Greenfield Highway from Odulapalle (Ch. 72+000) to Nallacheruvu-palli (Ch. 96+300) of [NH-
 544G](Package-4)",Andhra Pradesh,Dilip Buildcon Ltd.,Big as greenfield project  (to be researched),05-02-2024,Rishabh,NHAI,Contacted
85,Team A,"6L Access Controlled Greenfield Highway from Narayanmpet (Ch. 203+500) to Chandrasekharpuram (Ch.
 228+000)(Package-10)",Andhra Pradesh,Megha Engineering and Infrastructure Ltd.,Big as greenfield project  (to be researched),12-02-2024,Rishabh,NHAI,Contacted
86,Team A,6L Access Controlled Greenfield Highway from Kavulakuntla (Ch. 196+000) to Narayanmpet (Ch. 203+500)(Package-09),Andhra Pradesh,Max Infra (I) Private Limited,Big as greenfield project  (to be researched),07-02-2025,Rishabh,NHAI,Contacted
87,Team A,6L Access Controlled Greenfield Highway from Mallapalle (Ch. 176+000) to Kavulakuntla (Ch. 196+000) (Package-08),Andhra Pradesh,Megha Engineering and Infrastructure Ltd.,Big as greenfield project  (to be researched),12-02-2024,Rishabh,NHAI,Contacted
88,Team A,6L Access Controlled Greenfield Highway from Audireddipalle (Ch. 160+000) to Mallapalle (Ch. 176+000)(Package-07),Andhra Pradesh,Dilip Buildcon Ltd.,Big as greenfield project  (to be researched),07-03-2024,Rishabh,NHAI,Contacted
89,Team A,6L Access Controlled Greenfield Highway from Polavaram (Ch. 260+000) to Marripudi (Ch. 285+500) of [NH-544G](Package-12),Andhra Pradesh,Megha Engineering and Infrastructure Ltd.,Big as greenfield project  (to be researched),12-02-2024,Rishabh,NHAI,Contacted
90,Team A,"6L Access Controlled Greenfield Highway from Chandrasekharapuram (Ch. 228+000) to Polavaram (Ch. 260+000)of [NH-544G]
 (Package-11)",Andhra Pradesh,Megha Engineering and Infrastructure Ltd.,Big as greenfield project  (to be researched),12-02-2024,Rishabh,NHAI,Contacted
91,Team A,"6L Access Controlled Greenfield Highway from Somavarappadu (Ch.314.600) to Muppavaram (Ch.343+240) of [NH-544G]
 (Package-14)",Andhra Pradesh,Megha Engineering and Infrastructure Ltd.,Big as greenfield project  (to be researched),12-02-2024,Rishabh,NHAI,Contacted
92,Team A,"6L Access Controlled Greenfield Highway from Marripudi (Ch. 285+500) to Somavarappadu (Ch. 314+600) of [NH-544G]
 (Package-13)",Andhra Pradesh,KNR Constructions Limited,Big as greenfield project  (to be researched),10-02-2024,Rishabh,NHAI,Contacted
93,Team A,4L Access Controlled Greenfield Highway section on NH-163G (Khammam– Vijayawada) from Remidicherla village at Design Ch. 280.200 Km to Jakkampudi village (on NH-16) at Design Ch. 309.909 Km (Package-III),Andhra Pradesh,Megha Engineering and Infrastructure Ltd.,Big as greenfield project  (to be researched),07-05-2025,Rishabh,NHAI,Contacted
94,Team A,"6L Greenfield Varanasi-Ranchi-Kolkata Highway from Pachmon village to Anarbansalea village (From KM. 116+000 to
 KM. 151+200) (Package-6)",Bihar,Varanasi Kolkata Highway Package 6 PVT LTD,Big as greenfield project  (to be researched),04-09-2025,Rishabh,NHAI,Contacted
95,Team A,"6L Greenfield Varanasi-Ranchi-Kolkata Highway from junction with Chandauli- Chainpur Road near Khainti village to junction with Bhabhua-Adhaura road near Palka village (from Km. 27.000 to Km.
 54.000) (Pkg-2)",Bihar,PNC Infratech Pvt. Ltd.,Big as greenfield project  (to be researched),06-10-2025,Rishabh,NHAI,Contacted
96,Team A,"6L Greenfield Varanasi-Ranchi-Kolkata Highway from junction with Bhabhua- Adhaura road in Bhairopur village to Konki village (From KM. 54.000 to KM.
 90.000)(Pkg-3)",Bihar,PNC Infratech Pvt. Ltd.,Big as greenfield project  (to be researched),06-10-2025,Rishabh,NHAI,Contacted
97,Team A,"4L Greenfield Alignment of Amas to
 Shivrampur from 0.000 Km. to 55.002 Km. of NH 119 D (Pkg-I)",Bihar,Megha Engineering and Infrastructure Ltd.,Big as greenfield project  (to be researched),31-03-2023,Rishabh,NHAI,Contacted
98,Team A,"4L Greenfield Alignment of Shivrampur to Ramnagar from Km. 55.002 to Km. 109.300
 of NH 119 D (Pkg-II)",Bihar,Megha Engineering and Infrastructure Ltd.,Big as greenfield project  (to be researched),04-07-2023,Rishabh,NHAI,Contacted
99,Team A,4L Greenfield Alignment from Kalyanapur to Tal Dashraha of NH-119D (Pkg-III),Bihar,Megha Engineering and Infrastructure Ltd.,Big as greenfield project  (to be researched),16-02-2023,Rishabh,NHAI,Contacted
100,Team A,"Delhi-Vadodara Greenfield Alignment (NH- 148N) (Pkg-30) (Ch 803+420 to Ch.824+920)
 [Baletiya Village - Junction near Pratap
 Nagar Village]",Gujarat,Patel Infrastructure Limited,Big as greenfield project  (to be researched),08-09-2021,Rishabh,NHAI,Contacted
101,Team A,"Delhi-Vadodara Greenfield Alignment (NH- 148N) (Pkg-31) (Ch.824+920 to Ch.844+382)
 [Junction near Pratap nagar Village -
 Junction near Dodka Village]",Gujarat,PNC Infratech Pvt. Ltd.,Big as greenfield project  (to be researched),18-05-2021,Rishabh,NHAI,Contacted
102,Team A,"Construction of Greenfield Connectivity to Jewar International Airport from DND- Faridabad-Ballabhgarh Bypass KMP Link -
 Spur to Delhi Mumbai Expressway",Haryana,APCO Infratech Pvt. Ltd.,Big as greenfield project  (to be researched),22-06-2023,Rishabh,NHAI,Contacted
103,Team A,6L access Controlled Greenfield Highway from Adhoya Musalmana to Sadopur section of Shamli -Ambala (Package-III) (Design Ch. Form km 84.400 to km 121.786),Haryana,Montecarlo Limited,Big as greenfield project  (to be researched),03-05-2023,Rishabh,NHAI,Contacted
104,Team A,6L access Controlled Greenfield Highway from Ranipur Barsi to Adhoya Musalmana section of Shamli -Ambala (Package-II) (Design Ch. Form km 45.500 to km 84.400),Haryana,APCO Infratech Pvt. Ltd.,Big as greenfield project  (to be researched),17-05-2023,Rishabh,NHAI,Contacted
105,Team A,"Akkalkot – MH/KN border New Greenfield corridor from Km 512.000 to Km 548.400 of NH-150C (part of Akkalkot – KN/TS Border
 section) (Package – XIV)",Maharashtra,G R Infraprojects Limited,Big as greenfield project  (to be researched),03-10-2024,Rishabh,NHAI,Contacted
106,Team A,Greenfield connectivity from Govindsar village on Delhi Amritsar Katra Expressway to Talwara village on NH-44 (Pathankot by- pass),Punjab,New India Contractors and Developers Pvt. Ltd. – Khanday Infrastructure Private Limited (JV),Big as greenfield project  (to be researched),16-07-2025,Rishabh,NHAI,Contacted
107,Team A,"6L Amritsar-Bathinda Greenfield section from village Tiba on NE-5A to Jn. with Moga Jalandhar road (NH-703) near Dharamkot from km 0.000 to km 39.000 of NH-754A
 (Pkg-1)",Punjab,G R Infraprojects Limited,Big as greenfield project  (to be researched),14-11-2022,Rishabh,NHAI,Contacted
108,Team A,"6L Access Controlled Ludhiana-Bathinda Greenfield highway from Jn. with Moga- Barnala Road (NH-703) near village Tallewal to Jn. with Delhi-Katra Expressway (NE-5) near Ludhiana (village Ballowal) from Km
 30.300 to Km 75.543 of NH-754AD (Pkg-2)",Punjab,Ceigall India Ltd.,Big as greenfield project  (to be researched),29-09-2025,Rishabh,NHAI,Contacted
109,Team A,"4L Greenfield (a) Malout bypass from ch. Km
 44.500 to ch. Km 35.500 on NH-07 and Ch. Km 0.000 to Km 6.984 on NH-09 (b)Mandi Dabwali Bypass from Ch. 38.450 Km to Km
 27.910 (Pkg-02)",Punjab,Gawar Construction Ltd,Big as greenfield project  (to be researched),31-12-2022,Rishabh,NHAI,Contacted
110,Team A,"4/6L Greenfield Ludhiana–Rupnagar highway from Jn. with NE-5 village near to Manewal(Ludhiana) to Jn. with NH-205 near Bheora Village (Rupnagar) from Km 66.0 to Km 91.0 i/c spur to Kharar from Km 0.0 to Km 19.5 with Ludhiana bypass of NH-205K
 (Pkg-3)",Punjab,IRCON International Limited,Big as greenfield project  (to be researched),06-02-2023,Rishabh,NHAI,
111,Team A,"Securing of ROW for Construction of four/six lane Greenfield Ludhiana – Rupnagar National Highway no. NH-205K from junction with NE-5 village near to Manewal (Ludhiana) to junction with NH-205 near Bheora Village (Rupnagar) including spur to Kharar with Ludhiana bypass under Bharatmala Pariyojana in the State of Punjab on Hybrid Annuity Mode, Package-2 (Design Ch. 37.700 to Design Ch. 66.7) and On Spur from km (0.000 to km 18.500)",Punjab,Dhariwal Buildtech Limited,Big as greenfield project  (to be researched),10-07-2025,Rishabh,NHAI,Contacted
112,Team A,"4L of Fazilka to Abohar section of NH-07
 including construction of Greenfield Abohar & Fazilka Bypasses",Punjab,Gawar Construction Ltd,Big as greenfield project  (to be researched),13-04-2024,Rishabh,NHAI,Contacted
113,Team A,"Delhi-Vadodara Greenfield Alignment (NH- 148N) (Pkg-15) (Ch. 419.000 to Ch.427.300)
 [Junction with NH-12 near village Ummedpura to Major bridge over Takli river near Nayagaon Jageer village]",Rajasthan,Dilip Buildcon Limited - Altis - Holding Corporation (DBL AHC JV),Big as greenfield project  (to be researched),05-07-2021,Rishabh,NHAI,Contacted
114,Team A,6L Access Controlled Greenfield Highway of Nandinne village to Julekal village from Km 202.900 to Km 242.200 (Pkg-1),Hyderabad/Telangana,Megha Engineering and Infrastructure Ltd.,Big as greenfield project  (to be researched),04-01-2023,Rishabh,NHAI,
115,Team A,6L Access Controlled Greenfield Highway of Julekal village to Dinnedevarapadu village from Km 242.200 to Km 280.400 (Pkg-2),Hyderabad/Telangana,Megha Engineering and Infrastructure Ltd.,Big as greenfield project  (to be researched),04-01-2023,Rishabh,NHAI,Contacted
116,Team A,4L Access Controlled Greenfield Highway Section (Mancherial – Warangal) from Pangidipalle village at Design Ch. 72.350 Km to Oorugonda village at Design Ch. 112.240 Km(Package-III),Hyderabad/Telangana,Megha Engineering and Infrastructure Ltd.,Big as greenfield project  (to be researched),13-06-2025,Rishabh,NHAI,
117,Team A,"4L Access Controlled Greenfield Section (Mancherial – Warangal) from Puttapaka village at Design Ch. 35.300 Km to Pangidipalle village at Design Ch. 72.350
 KmPackage-II)",Hyderabad/Telangana,Megha Engineering and Infrastructure Ltd.,Big as greenfield project  (to be researched),13-06-2025,Rishabh,NHAI,
118,Team A,4L Access Controlled Greenfield Section (Mancherial – Warangal) from Narva village at Design Ch. 3.834 Km to Puttapaka village at Design Ch. 35.300 Km (Package-I),Hyderabad/Telangana,Megha Engineering and Infrastructure Ltd.,Big as greenfield project  (to be researched),23-12-2024,Rishabh,NHAI,
119,Team A,4L Access Controlled Greenfield Highway section on NH163G (Warangal-Khammam) from Oorugonda village in Hanamkonda District at Design Ch. 112.240 Km to Venkatpur village in Warangal District at Design Ch. 150.240 Km(Package-I),Hyderabad/Telangana,Megha Engineering and Infrastructure Ltd.,Big as greenfield project  (to be researched),13-06-2025,Rishabh,NHAI,Contacted
120,Team A,4L Access Controlled Greenfield Highway section on NH-163G (Warangal-Khammam) from Venkatpur village in Warangal District at Design Ch. 150.240 Km to Thallasenkesa village in Mahabubabed District at Design Ch. 189.650 km(Package-II),Hyderabad/Telangana,G R Infraprojects Limited,Big as greenfield project  (to be researched),19-04-2024,Rishabh,NHAI,Contacted
121,Team A,4L Access Controlled Greenfield Highway section on NH-163G (Khammam – Vijayawada) from Brahmanapalli(K) village at Design Ch. 250.400 Km to Remidicherla village at Design Ch. 280.200 Km(Package-II),Hyderabad/Telangana,Megha Engineering and Infrastructure Ltd.,Big as greenfield project  (to be researched),26-03-2025,Rishabh,NHAI,Contacted
122,Team A,"6L Greenfield Kanpur - Lucknow
 (Expressway) Pkg II from km. 28.500 to km. 73.744",Uttar Pradesh,PNC Infratech Pvt. Ltd.,Big as greenfield project  (to be researched),10-11-2022,Rishabh,NHAI,Contacted
123,Team A,6L access control Greenfield highway of Vill- Karaunda Mahajan to Vill-Khyawari from Km. 56.500 to Km. 82.000 (Pkg-3),Uttar Pradesh,Shiv Build India Pvt. Ltd. - Jandu Construction India Pvt. Ltd. (JV),Big as greenfield project  (to be researched),02-09-2022,Rishabh,NHAI,Contacted
124,Team A,"6L Greenfield Varanasi-Ranchi-Kolkata Highway from junction with NH-19 & Varanasi Ring Road near Rewasa village to junction with Chandauli-Chainpur road near Khainti village (from Km. 0.000 to Km.
 27.000) - Pkg-1",Uttar Pradesh,NKC Projects Private Limited,Big as greenfield project  (to be researched),25-11-2024,Rishabh,NHAI,Contacted
125,Team A,"Construction Of Tunnel T1 From Chainage Km 33+160 To Km 34+400 And Tunnel 2 From Chainage Km 60+300 To Km 66+040 With Ballast Less Track And Works Related To Formation On Approaches Of Such Tunnels In Connection With Construction Of Electrified New Bg Railway Line Between Mangliyagaon (indore) To Budni Stations (198 Kms) Of Ratlam Division And Bhopal Division Of Western Railway And West Central Railway Respectively In Madhya Pradesh State, India""(pkg : Tunnel T1 & Part Tunnel T2)",Madhya Pradesh,SSNR Projects Private Limited,543.78 Cr,19 Sep 2025,Rishabh,NHAI,Contacted
126,Team A,Oriana Power Private Limited,Jharkhand,Oriana Power Private Limited,₹1205 Cr,11/6/2025,Rizwan,Bihar/Jharkhand 500 cr+,Contacted
127,Team A,Bengaluru Vijayawada Expressway Package-1 Limited,Andhra Pradesh,Bengaluru Vijayawada Expressway Package-1 Limited,Big as greenfield project  (to be researched),09-03-2024,Rizwan,NHAI,Contacted
128,Team A,Raj Path Infracon Pvt. Ltd.,Andhra Pradesh,Raj Path Infracon Pvt. Ltd.,Big as greenfield project  (to be researched),02-03-2024,Rizwan,NHAI,Contacted
129,Team A,Raj Path Infracon Pvt. Ltd.,Andhra Pradesh,Raj Path Infracon Pvt. Ltd.,Big as greenfield project  (to be researched),02-03-2024,Rizwan,NHAI,Contacted
130,Team A,AMR India Limited in JV with Rithwik Projects Private Limited,Andhra Pradesh,AMR India Limited in JV with Rithwik Projects Private Limited,Big as greenfield project  (to be researched),25-09-2023,Rizwan,NHAI,Contacted
131,Team A,GR Varanasi Kolkata Highway Private Limited,Bihar,GR Varanasi Kolkata Highway Private Limited,Big as greenfield project  (to be researched),01-07-2025,Rizwan,NHAI,Contacted
132,Team A,"H.S. Engineers & Associates-Velji Ratna
 Sorathia Infra Pvt. Ltd. JV",Bihar,"H.S. Engineers & Associates-Velji Ratna
 Sorathia Infra Pvt. Ltd. JV",Big as greenfield project  (to be researched),08-03-2024,Rizwan,NHAI,Contacted
133,Team A,"Atlas Construction Pvt.
 Ltd. - NKC (JV)",Gujarat,"Atlas Construction Pvt.
 Ltd. - NKC (JV)",Big as greenfield project  (to be researched),02-05-2022,Rizwan,NHAI,Contacted
134,Team A,GHV (India) Pvt Ltd.,Gujarat,GHV (India) Pvt Ltd.,Big as greenfield project  (to be researched),14-02-2022,Rizwan,NHAI,Contacted
135,Team A,GHV (India) Pvt Ltd.,Gujarat,GHV (India) Pvt Ltd.,Big as greenfield project  (to be researched),16-11-2021,Rizwan,NHAI,Contacted
136,Team A,Krishna Constructions.,Punjab,Krishna Constructions.,Big as greenfield project  (to be researched),27-06-2024,Rizwan,NHAI,Contacted
137,Team A,Krishna Constructions.,Punjab,Krishna Constructions.,Big as greenfield project  (to be researched),16-06-2024,Rizwan,NHAI,Contacted
138,Team A,Ram Kumar Contractor,Punjab,Ram Kumar Contractor,Big as greenfield project  (to be researched),14-09-2023,Rizwan,NHAI,Contacted
139,Team A,Dhaya Maju Infrastructure (Asia ) Sdn. Berhad - Crescent EPC Projects & Technical Services Ltd.,Rajasthan,Dhaya Maju Infrastructure (Asia ) Sdn. Berhad - Crescent EPC Projects & Technical Services Ltd.,Big as greenfield project  (to be researched),22-05-2021,Rizwan,NHAI,Contacted
140,Team A,Dhaya Maju Infrastructure (Asia ) Sdn. Berhad - Crescent EPC Projects & Technical Services Ltd.,Rajasthan,Dhaya Maju Infrastructure (Asia ) Sdn. Berhad - Crescent EPC Projects & Technical Services Ltd.,Big as greenfield project  (to be researched),24-05-2021,Rizwan,NHAI,Contacted
141,Team A,Raj Shyama Constructions Pvt. Ltd.,Uttar Pradesh,Raj Shyama Constructions Pvt. Ltd.,Big as greenfield project  (to be researched),17-05-2023,Rizwan,NHAI,Contacted
142,Team A,Joint Stock company Buer(JSC BUER) - oss Construction Private Ltd.(JV),Uttar Pradesh,Joint Stock company Buer(JSC BUER) - oss Construction Private Ltd.(JV),Big as greenfield project  (to be researched),28-12-2023,Rizwan,NHAI,Contacted
143,Team A,Krishna Constructions.,Uttar Pradesh,Krishna Constructions.,Big as greenfield project  (to be researched),02-09-2022,Rizwan,NHAI,Contacted
144,Team A,Krishna Constructions.,Uttar Pradesh,Krishna Constructions.,Big as greenfield project  (to be researched),02-09-2022,Rizwan,NHAI,Contacted
145,Team A,Raj Shyama Constructions Pvt. Ltd.,Uttar Pradesh,Raj Shyama Constructions Pvt. Ltd.,Big as greenfield project  (to be researched),02-09-2022,Rizwan,NHAI,Contacted
146,Team A,Hindustan Construction Co. Ltd.,Bihar,Hindustan Construction Co. Ltd.,1038.71,26 Sep 2025,Rizwan,Bridge Construction,Contacted
147,Team A,M/S JSP Projects Pvt Ltd,Bihar,M/S JSP Projects Pvt Ltd,107.27,2025,Rizwan,Bridge Construction,Contacted
148,Team A,V K Gupta And Associates ,Bihar,V K Gupta And Associates ,136.47,2025,Rizwan,Bridge Construction,Contacted
149,Team A,Mehrotra Buildcon Private Ltd.,Bihar,Mehrotra Buildcon Private Ltd.,88.66,21 Aug 2025,Rizwan,Bridge Construction,Contacted
150,Team A,Ramiya Construction Pvt Ltd.,Bihar,Ramiya Construction Pvt Ltd.,198.79,2025,Rizwan,Bridge Construction,Contacted
151,Team A,A K Infra Constructions Pvt Ltd,Bihar,A K Infra Constructions Pvt Ltd,53.68,21 Aug 2025,Rizwan,Bridge Construction,Contacted
152,Team A,M/S Puja Enterprises,Bihar,M/S Puja Enterprises,56.88,07 Feb 2025,Rizwan,Bridge Construction,Contacted
153,Team A,A M Infratech,Bihar,A M Infratech,67.03,15 Jan 2025,Rizwan,Bridge Construction,Contacted
154,Team A,Dineshchandra R. Agrawal Infracon ,Bihar,Dineshchandra R. Agrawal Infracon ,223.89,2025,Rizwan,Bridge Construction,Contacted
155,Team A,Royal Infrastructure Ltd,Bihar,Royal Infrastructure Ltd,106.22,01 Jul 2024,Rizwan,Bridge Construction,Contacted
155,Team B,"Remaining Work of Construction of Health Sub Center in Belahat, Roska, Karua, Rampur, Ramnagar at Block-K Nagar, Dist.-Purnea",,,"22,11,670.11",21.05.2025,Vikram,,
155,Team B,"Construction of 10 Health & Wellness Centre (Pre-Fab) at Block-Araria, Jokihat & Sikti, Dist.-Araria, Bihar",,,"56,85,296.00",09.06.2025,Vikram,,Pending at SNA Sparsh
155,Team B,"Construction of 11 Health & Wellness Centre (Pre-Fab) at Block-Bhargama & Narpatganj, Dist.-Araria, Bihar",,,,01.07.2025,Vikram,,Work not started
155,Team B,"Construction of 07 Health & Wellness Centre (Pre-Fab) at Block-Forbisganj, Dist.-Araria, Bihar",,,"57,56,167.00",01.07.2025,Vikram,,Accounts Section
155,Team B,"Construction of 11 Health & Wellness Centre (Pre-Fab) at Block-Raniganj & Bhargama, Dist.-Araria, Bihar",,,,,Vikram,,
155,Team B,"Construction of 08 Health & Wellness Centre (Pre-Fab) at Block-Sikti & Jokihat, Dist.-Araria, Bihar",,,,,Vikram,,
155,Team B,"Construction of 11 Health & Wellness Centre (Pre-Fab) at Block-Raxaul, Adapur, Sugauli & Ramgadhwa, Dist.-East Champaran",,,"14,02,406.00",08.08.2025,Vikram,,
155,Team B,"Construction of 11 Health & Wellness Centre (Pre-Fab) at Block-Mehsi, Pipra, Pakdidayal, Madhuban, Piprakothi & Motihari, Dist.-East Champaran",,,"43,26,212.00",03.06.2025,Vikram,,
155,Team B,"Construction of 06 Health & Wellness Centre (Pre-Fab) at Block-Manihari, Dist.-Katihar",,,,24.07.2025,Vikram,,Not Awarded
155,Team B,"Construction of 13 Health & Wellness Centre (Pre-Fab) at Block-Tehghachh & Bahadurganj, Dist.-Kishanganj",,,,14.08.2025,Vikram,,"No new sites as of now, work completed"
155,Team B,"Construction of 13 Health & Wellness Centre (Pre-Fab) at Block-Kishanganj & Pothiya, Dist.-Kishanganj",,,"40,98,052.00",11.08.2025,Vikram,,
155,Team B,"Construction of 14 Health & Wellness Centre (Pre-Fab) at Block-Kochadhaman, Dist.-Kishanganj",,,"59,20,540.00",01.07.2025,Vikram,,
155,Team B,"Construction of 14 Health & Wellness Centre (Pre-Fab) at Block-Araria, Bihar",,,"20,39,111.00",30.06.2025,Vikram,,Accounts Section
155,Team B,"Construction of 14 Health & Wellness Centre (Pre-Fab) at Block-Madhwapur, Benipatti & Harlakhi, Dist.-Madhubani",,,"58,41,481.00",30.06.2025,Vikram,,Accounts Section
155,Team B,"Construction of 09 Health & Wellness Centre (Pre-Fab) at Block-Bisfi & Pahika, Dist.-Madhubani",,,"72,97,114.68",30.06.2025,Vikram,,Accounts Section
155,Team B,"Construction of 10 Health & Wellness Centre (Pre-Fab) at Block-Rahika & Pandaula, Dist.-Madhubani",,,"1,33,70,064.00",01.08.2025,Vikram,,Pending at SNA Sparsh
155,Team B,"Construction of 07 Health & Wellness Centre (Pre-Fab) at Block-Rajnagar & Andhrathadhi, Dist.-Madhubani",,,"50,56,523.00",30.06.2025,Vikram,,Bill to be submitted Monday
155,Team B,"Construction of 06 Health & Wellness Centre (Pre-Fab) at Block-Jhanjharpur, Dist.-Madhubani",,,"45,87,823.00",11.08.2025,Vikram,,Pending at SNA Sparsh
155,Team B,"Construction of 07 Health & Wellness Centre (Pre-Fab) at Block-Jhanjharpur, Dist.-Madhubani",,,"50,94,009.00",21.07.2025,Vikram,,Pending at SNA Sparsh
155,Team B,"Construction of 05 Health & Wellness Centre (Pre-Fab) at Block-Madhepur & Ghoghardiha, Dist.-Madhubani",,,"27,62,145.00",11.08.2025,Piyush,,Pending at SNA Sparsh
155,Team B,"Construction of 07 Health & Wellness Centre (Pre-Fab) at Block-Aurai & Katra, Dist.-Muzaffarpur",,,"49,24,500.00",03.06.2025,Piyush,,
155,Team B,"Construction of 11 Health & Wellness Centre (Pre-Fab) at Block-Meenapur, Mushari & Bochahan, Dist.-Muzaffarpur",,,"49,73,700.00",03.06.2025,Piyush,,
155,Team B,"Construction of 05 Health & Wellness Centre (Pre-Fab) at Block-Nirmali, Kishanpur, Pipra, Triveniganj & Marauna, Dist.-Supaul",,,-,11.08.2025,Piyush,,
155,Team B,"Construction of 10 Health & Wellness Centre (Pre-Fab) at Block-Kurhani, Mushari, Saraiya, Sahebganj & Paroo, Dist.-Muzaffarpur",,,-,30.06.2025,Piyush,,fix appointment
155,Team B,"Construction of 08 Health & Wellness Centre (Pre-Fab) at Block-Baysi & Dagarua, Dist.-Purnea",,,"24,58,559.00",01.07.2025,Piyush,,not awarded
155,Team B,"Construction of 09 Health & Wellness Centre (Pre-Fab) at Block-Jalalgarh, Shreenagar & Kasba, Dist.-Purnea",,,"18,87,713.00",04.08.2025,Piyush,,
155,Team B,"Construction of 07 Health & Wellness Centre (Pre-Fab) at Block-Dighwara & Sonepur, Dist.-Saran",,,"9,79,565.00",30.06.2025,Piyush,,Accounts Section
155,Team B,"Construction of 09 Health & Wellness Centre (Pre-Fab) at Block-Siwan Sadar, Jiradei & Mairwa, Dist.-Siwan",,,"17,71,870.00",30.06.2025,Piyush,,Accounts Section
155,Team B,"Construction of 10 Health & Wellness Centre (Pre-Fab) at Block-Darauli, Guthni, Husainganj & Raghunathpur, Dist.-Siwan",,,"53,96,363.00",30.06.2025,Piyush,,Accounts Section
155,Team B,"Construction of 09 Health & Wellness Centre (Pre-Fab) at Block-Rupauli, Bhawanipur & B.Kothi, Dist.-Purnea",,,"46,68,768.00",07.07.2025,Piyush,,no response
155,Team B,"Construction of 11 Health & Wellness Centre (Pre-Fab) at Block-Yogapatti, Lauriya, Bairiya & Nautan, Dist.-West Champaran",,,Bill will be submitted Monday,14.08.2025,Piyush,,
155,Team B,"Construction of 11 Health & Wellness Centre (Pre-Fab) at Block-Barari, Sahmeli, Falka & Kodha, Dist.-Katihar",,,-,26.09.2025,Piyush,,
155,Team B,"Construction of 11 Health & Wellness Centre (Pre-Fab) at Block-Bettiah, Manjhauliya, Mainatand & Sikta, Dist.-West Champaran",,,Bill will be submitted Monday,14.08.2025,Piyush,,
155,Team B,"Construction of 08 Health & Wellness Centre (Pre-Fab) at Block-Katihar, Dandkhora & Aajamnagar, Dist.-Katihar",,,,,Piyush,,
155,Team B,"Construction of 08 Health & Wellness Centre (Pre-Fab) at Block-Amdabad, Hasanganj, Kadwa & Dankhora, Dist.-Katihar",,,,,Piyush,,
155,Team B,"Construction of 12 Health & Wellness Centre (Pre-Fab) at Block-Barsoi, Pranpur & Balrampur, Dist.-Katihar",,,?,29.08.2025,Piyush,,
155,Team B,"Construction of 09 Health & Wellness Centre (Pre-Fab) at Block-Bairganiya, Bathnaha, Mejarganj & Sonbarsa, Dist.-Sitamarhi",,,,,Piyush,,?
155,Team B,"Construction of 08 Health & Wellness Centre (Pre-Fab) at Block-Banmankhi, Dist.-Purnea",,,"25,36,144.00",30.06.2025,Piyush,,
155,Team B,"Construction of 09 Health & Wellness Centre (Pre-Fab) at Block-Patarghat, Banma-Ithari, Sadar Block, Mahishi & Navhatta, Dist.-Saharsa",,,,11.08.2025,Piyush,,2nd RA to be submitted
155,Team B,"Construction of 13 Health & Wellness Centre (Pre-Fab) at Block-Sonbarsa, Parihar, Sursand, Choraut & Pupri, Dist.-Sitamarhi",,,?,29.08.2025,Piyush,,
155,Team B,"Construction of 07 Health & Wellness Centre (Pre-Fab) at Block-Bajpatti, Runnisaidpur & Bokhara, Dist.-Sitamarhi",,,-,27.06.2025,Piyush,,
155,Team B,"Construction of 12 Health & Wellness Centre (Pre-Fab) at Block-Darauda, Siswan, Pachrukhi & Badhariya, Dist.-Siwan",,,"38,98,833.00",30.06.2025,Piyush,,Accounts Section
155,Team B,"Construction of 07 Health & Wellness Centre (Pre-Fab) at Block-Goraikothi, Lakri Nabiganj & Basantpur, Dist.-Siwan",,,"16,03,081.00",30.06.2025,Piyush,,Accounts Section
155,Team B,"Construction of 07 Health & Wellness Centre (Pre-Fab) at Block-Bhagwanpur & Maharajganj, Dist.-Siwan",,,"26,19,349.00",30.06.2025,Piyush,,Accounts Section
155,Team B,"Construction of 12 Health & Wellness Centre (Pre-Fab) at Block-Hajipur, Vaishali & Goraul, Dist.-Vaishali",,,"57,34,746.00",06.03.2025,Piyush,,
155,Team B,"Construction of 12 Health & Wellness Centre (Pre-Fab) at Block-Rajapakar, Desari & Sahdei Buzurg, Dist.-Vaishali",,,-,09.06.2025,Piyush,,
155,Team B,"Construction of 05 Health & Wellness Centre (Pre-Fab) at Block-Raghopur & Mahnar, Dist.-Vaishali",,,"59,27,838.00",06.03.2025,Piyush,,
155,Team B,"Construction of 10 Health & Wellness Centre (Pre-Fab) at Block-Patepur & Jandaha, Dist.-Vaishali",,,"49,24,470.00",10.06.2025,Piyush,,
155,Team B,"Construction of 12 Health & Wellness Centre (Pre-Fab) at Block-Thakraha, Bhitha, Piprasi, Bagaha-02, Gaunaha & Ramnagar, Dist.-West Champaran",,,"25,67,111.00",06.03.2025,Piyush,,Bill will be submitted Monday
155,Team B,"Construction of 10 Health & Wellness Centre (Pre-Fab) at Block-Darbhanga Sadar, Manigachi, Tardih, Singhwara & Keoti, Dist.-Darbhanga",,,"11,09,747.00",02.07.2025,Piyush,,Bill will be submitted Monday
155,Team B,"Construction of 10 Health & Wellness Centre (Pre-Fab) at Block-Kiratpur, Gourabauram, Biraul, Baheri & Benipur, Dist.-Darbhanga",,,"30,14,454.00",20.12.2024,Piyush,,Pending at SNA Sparsh
155,Team B,"Construction of 10 Health & Wellness Centre (Pre-Fab) at Block-Bahadurpur & Hanumannagar, Dist.-Darbhanga",,,"45,90,426.00",20.12.2024,Piyush,,Pending at SNA Sparsh
155,Team B,"Construction of 10 Health & Wellness Centre (Pre-Fab) at Block-Kanti, Sariya & Paru, Dist.-Muzaffarpur",,,,07.01.2025,Piyush,,
155,Team B,"Construction of 13 Health & Wellness Centre (Pre-Fab) at Block-Lalganj & Bhagwanpur, Dist.-Vaishali",,,,3rd RA,Piyush,,
155,Team B,"Construction of 10 Health & Wellness Centre (Pre-Fab) at Block-Patedhi Belsar, Goraul & Vaishali, Dist.-Vaishali",,,,3rd RA,Piyush,,
155,Team B,"Construction of 14 Health & Wellness Centre (Pre-Fab) at Block-Kochadhaman, Dist.-Kishanganj",,,"59,20,540.00",01.07.2025,Piyush,,Pending at Finance Section
155,Team B,"Construction of 14 Health & Wellness Centre (Pre-Fab) at Block-Kochadhaman, Dist.-Kishanganj",,,"40,98,052.00",11.08.2025,Piyush,,Pending at DGM (HQ)
156,Team D,Electric Cabling Service - SITC OF ROOF TOP SOLAR SYSTEM AT VARIOUS PROPERTIES OF ANKLAV NAGARPALIK,"Anand, Gujarat",SS ENTERPRISE,1.40 Cr,15 Dec 2025,Dakshiani,Municipality,Conatcted
,Team D,Electric Cabling Service - Providing Installation Solar System At Santrampur Nagarpalika Area; Prov,"Mahisagar, Gujarat",J K ENTERPRISE,1.80 Cr,29 Nov 2025,Dakshiani,Urban Development And Urban Housing Department,Conatcted
,Team D,"Engaging Associate For Balance Of System Pkg (bos) Pkg For Development Of Supply, Erection, Testing And Commissioning Including 03 Yrs Comprehensive Operation And Maintenance Of 600mw (2x300mw Blk) Ists Connected Solar Pv Projects At Ntpc Rel Khavda","Kachchh, Gujarat",M/S PHALOUDI CONSTRUCTIONS AND INFRASTRUCTURES PVT. LTD.,136.83 Cr,25 Nov 2025,Dakshiani,Bridge And Roof Company India Limited,Conatcted
,Team D,"Engaging Associate For Balance Of System Package For Development Of Design, Engineering, Supply, Erection, Testing And Commissioning Including 03yrs Comprehensive Operation And Maintenance Of 100 Mw(ac) Solar Power Project At Gsecls Re Park At Khavda","Vadodara, Gujarat",GHV (India) Pvt. Ltd.,119.54 Cr,24 Oct 2025,Dakshiani,Bridge And Roof Company India Limited,Conatcted
,Team D,Design Supply Installation And Commissioning Of Floating Solar Power Plant Of 10 Mw Ac Capacity At Hazira Plant Along With 7 Years Of O And M,"Surat, Gujarat",Purshotam Profiles Private Limited,25.88 Cr,09 Oct 2025,Dakshiani,Oil And Natural Gas Corporation Limited,Conatcted
,Team D,"Category: Custom Bid For Services - Operation And Maintenance Of
 solar At Ntpc Kawas","Surat, Gujarat",SHRI SAI ELECTRICAL,6.60 Cr,30 Aug 2025,Dakshiani,National Thermal Power Corporation Limited,Conatcted
,Team D,Solar Street Lighting System (NTPC),"Dahod, Gujarat",SIVANTA,1.66 Cr,13 Aug 2025,Dakshiani,General Administration Department,Conatcted
,Team D,"Solar Water Heating System as per IS 12976:1990,Solar Street Lighting System (NTPC)","Dahod, Gujarat",IDRISH AGENCY,1.73 Cr,23 Jun 2025,Dakshiani,Tribal Development Department,Conatcted
,Team D,Custom Bid for Services - BOS works for Addition of 20MWp DC at existing GSECL Raghanesda Phase 1 a,"Banaskantha, Gujarat",Sun Technologies,1.58 Cr,29 May 2025,Dakshiani,Bharat Heavy Electricals Limited,Conatcted
,Team D,Setting Up 300 Mw Solar Capacity Through Competitive Bidding (followed By E-reverse Auction) From Gujarat Urja Vikas Nigam Limited (guvnl) For Solar Pv Power Projects (for A Total Capacity Of 600 Mw) To Be Set Up In Gujarat,"Kachchh, Gujarat",NATIONAL BANK FOR AGRICULTURE AND RURAL DEVELOPMENT,1217.00 Cr,26 May 2025,Dakshiani,Coal India Limited,Conatcted
,Team D,"Construction of Academic cum Administration Building, Hostel Building, 1 no. STP, UG sump, Pump room, Electrical Sub-Station along with all necessary infrastructure facilities including internal water supply, sanitary installation, internal Electrical installations, Firefighting and fire alarm system, VRV/VRF system, Lifts, networking, solar photovoltaic power generation, CCTV, DG set, solar water heating, UPS, IP based EPABX, signages, external services connection of Civil and Electrical, Internal cement concrete pavement roads, footpath, storm water drainage, etc. for IIIT Surat at Kholvad, District-Surat (Gujarat) in Engineering, Procurement and Construction (EPC) mode-I.","Surat, Gujarat",SHREE GANESH CORPORATION,98.90 Cr,30 Apr 2025,Dakshiani,Central Public Works Department,Conatcted
,Team D,"Design, Supply, Installation, Commissioning and Maintenance of Grid Connected Ground Mounted Solar","Porbandar, Gujarat",AVIRAT ENERGY PRIVATE LIMITED,1.98 Cr,11 Apr 2025,Dakshiani,Urban Development And Urban Housing Department,Conatcted
,Team D,High Mast Lighting Octagonal Tower with Solar Based LED Street Light,"Ahmedabad, Gujarat",Speedwell Wind Energy,1.50 Cr,05 Apr 2025,Dakshiani,Collector Office,Conatcted
,Team D,"Design, engineering, installation, testing and commissioning of 310 KWp Grid connected solar plant at Indian Oil LAB Terminal Dumad, Vadodara","Vadodara, Gujarat",MADHAV TECHNOLOGIES AND INTERGRATORS LLP,1.25 Cr,27 Mar 2025,Dakshiani,Indian Oil Corporation Limited,Conatcted
,Team D,CATEGORY: Renewables (Q2),"Junagadh, Gujarat",PEGASUS POWER & INFRA LLP,1.99 Cr,21 Mar 2025,Dakshiani,Women And Child Development Department,Conatcted
,Team D,"SUPPLY OF 770 KWP GRID CONNECTED ROOFTOP SOLAR PLANT,INSTALLATION, COMMISSIONING & TESTING OF 770 K","Vadodara, Gujarat",PHOTOVOLTAIC SOLAR,2.51 Cr,21 Mar 2025,Dakshiani,GAIL India Limited,Conatcted
,Team D,Solar Powered Drinking Water Cooler,"Anand, Gujarat",SHRIJI TECHNOASPIRE PRIVATE LIMITED,1.16 Cr,10 Mar 2025,Dakshiani,Panchayat Samiti,Conatcted
,Team D,"Balance work on risk and cost basis for 100 MW (AC) Solar Photovoltaic Grid Connected Power Plant of CIL at Bhadramali and Jabadia Village, Banaskata District at Gujarat and post commissioning Operation and Maintenance of the plant for 5 years.","Banaskantha, Gujarat",KOSOL ENERGIE PVT LTD,485.24 Cr,20 Feb 2025,Dakshiani,Coal India Limited,Conatcted
,Team D,High Mast Lighting Octagonal Tower with Solar Based LED Street Light,"Ahmedabad, Gujarat",Speedwell Wind Energy,1.50 Cr,07 Jan 2025,Dakshiani,Collector Office,Conatcted
,Team D,"Design, Supply, Installation, Commissioning and Maintenance of Grid Connected Ground Mounted Solar","Bharuch, Gujarat",SS ENTERPRISE,2.20 Cr,07 Jan 2025,Dakshiani,Urban Development And Urban Housing Department,Conatcted
,Team D,Setting up of Solar PV Car Parking facility with EV Charging Points at ONGC KDM Complex Mehsana along with Operation and Maintenance for Seven years.,"Mahesana, Gujarat",Imagine powertree Private Limited,8.41 Cr,01 Jan 2025,Dakshiani,Oil And Natural Gas Corporation Limited,Conatcted
,Team D,Electric Cabling Service - SITC OF SOLAR ROOF TOP WORK AND DEVLOMENT WORK FOR RANAVAV NAGARPALIKA;,"Porbandar, Gujarat",SAMARPAN CORPORATION,2.01 Cr,24 Dec 2024,Dakshiani,Urban Development And Urban Housing Department,Conatcted
,Team D,Electric Cabling Service - Providing Installation Solar System At Dahod Nagarpalika Area; Providing,"Dahod, Gujarat",SS ENTERPRISE,3.30 Cr,16 Dec 2024,Dakshiani,Urban Development And Urban Housing Department,Conatcted
,Team D,"Design & engineering, procurement & supply of equipment and materials (including PV modules), testing at manufacturers works, multi – level inspections, packing and forwarding, supply, receipt, unloading and storage at site, associated civil works, services, permits, licenses, installation and incidentals, insurance at all stages (Including Insurance of PV Modules ), erection, testing and commissioning of 300 MW (AC) Grid connected ground mounted Solar PV Power Plant along with DC Overloading and performance demonstration with associated equipment and materials on turnkey basis at Khavda Solar Park along with 5 (Five) years comprehensive operation and maintenance from the date of commissioning or Operational Acceptance, whichever is later.","Kachchh, Gujarat",KPI GREEN ENERGY LIMITED,1311.40 Cr,30 Nov 2024,Dakshiani,Coal India Limited,Conatcted
,Team D,Electric Cabling Service - Providing Installation Solar System At Dabhoi Nagarpalika Area; Providin,"Vadodara, Gujarat",SAMARPAN CORPORATION,1.55 Cr,28 Nov 2024,Dakshiani,Municipality,Conatcted
,Team D,"PL CP SOIL RESISTIVITY MEA,PL CP SW MODELLING SIMULAT,PL CP POLARIZATION COUPONS,DC INTERFERENCE SU","Devbhumi Dwarka, Gujarat",SARK EPC PROJECTS PRIVATE LIMITED,1.11 Cr,15 Nov 2024,Dakshiani,Bharat Petroleum Corporation Limited,Conatcted
,Team D,Electric Cabling Service - Providing Installation Solar System At Umreth Nagarpalika Area; Providin,"Anand, Gujarat",SAMARPAN CORPORATION,2.20 Cr,14 Nov 2024,Dakshiani,Municipality,Conatcted
,Team D,Electric Cabling Service - Providing Installation Solar System At Ode Nagarpalika Area; Providing,"Anand, Gujarat",SAMARPAN CORPORATION,1.40 Cr,14 Nov 2024,Dakshiani,Municipality,Conatcted
,Team D,Solar Street Lighting System (NTPC),"Dahod, Gujarat",SAI ELECTRICAL WORKS,1.48 Cr,24 Oct 2024,Dakshiani,Municipality,Conatcted
,Team D,Solar Street Lighting System (NTPC),"Dahod, Gujarat",SAI ELECTRICAL WORKS,1.16 Cr,15 Sep 2024,Dakshiani,Municipality,Conatcted
,Team D,"600KWp On Grid Solar PV System,Installation and Commissioning,Annual Service Contract for 1st year,","Vadodara, Gujarat",EMERAL ENERGY SOLUTIONS PRIVATE LIMITED,2.38 Cr,09 Sep 2024,Dakshiani,Indian Oil Corporation Limited,Conatcted
,Team D,"Construction of Girls Hostel and Extension of the Dining Hall including internal EI works, lifts, fire Fighting and Fire Alarm works, HVAC System , DG set , Passive networking system, CCTV, UPS, water Coolers, RO System Solar hot water System, heat pump system, External Development works etc. at National Forensic Science University ( NFSU) Gandhinagar Gujarat<br><b>Subwork/Packages:</b>one","Gandhinagar, Gujarat",M/s B L INFRA PROJECTS PRIVATE LIMITED,15.38 Cr,20 Aug 2024,Dakshiani,Central Public Works Department,Conatcted
,Team D,PWRJT24001 Design Supply Installation Testing and Commissioning of 755 kWp Grid Interactive Rooftop and Ground Mounted Solar Photovoltaic System Without Battery Backup at Different Locations of WRPL,"Rajkot, Gujarat",Grew Renewables Private Limited,3.95 Cr,09 Aug 2024,Dakshiani,Indian Oil Corporation Limited,Conatcted
,Team D,"Development of Students Hostel Buildings with Associated Facilities under Phase 2A SH: C/o 12 Blocks of Students Hostel (G 4) having single, double & Triple Occupancy Stilt area, Dining Hall (B G 2), Sub-Station (G 2) including internal EI, internal services, fire fighting, fire alarm system lifts, UPS, CCTV, Street lighting, Overhead Water Tanks, UG Tank, pumps, external development works(internal roads, paths, external services), bulk services, VRF System, HVAC Piping & Ducting System, Passive LAN System, Hybrid Type solar water heating system, Heat Exchange System, Substation equipments etc. in EPC (Mode-II) at village Palaj, IIT Gandhinagar, Gujarat.<br><b>Subwork/Packages:</b>One","Gandhinagar, Gujarat",C K CONSTRUCTIONS,128.70 Cr,25 Jul 2024,Dakshiani,Central Public Works Department,Conatcted
,Team D,Custom Bid for Services - Supply Installation and commissioning and AMC of Grid connected Solar Roo,"Vadodara, Gujarat",SUVI AUTOMATION PRIVATE LIMITED,1.05 Cr,18 Jun 2024,Dakshiani,Power Grid Corporation Of India Limited,Conatcted
,Team D,Providing Supplying and Installation of Solar System at Dharampur Nagarpalika,"Valsad, Gujarat",SAMARPAN CORPORATION,1.41 Cr,07 Jun 2024,Dakshiani,Municipality,Conatcted
,Team D,"SOLAR PANEL,SOLAR INVERTER,SOLAR STRUCTURE,NUT BOLT,DC CABLE RED,DC CABLE BLACK,AC DB,DC DB,COPPER","Valsad, Gujarat",MANTRA ENTERPRISE,1.98 Cr,14 Mar 2024,Dakshiani,Municipality,Conatcted
,Team D,"Design, Engineering, Procurement & Supply, Construction & Sitc Of 2.2mw(ac) Solar Power System","Vadodara, Gujarat",GENSOL ENGINEERING PRIVATE LIMITED,14.31 Cr,28 Jul 2023,Dakshiani,Oil And Natural Gas Corporation Limited,Conatcted
,Team D,Custom Bid for Services - Supply Installation and AMC of Grid Connected Solar Rooftop System in Var,"Kachchh, Gujarat",RAJASTHAN ELECTRONICS AND INSTRUMENTS LIMITED,2.34 Cr,28 Apr 2023,Dakshiani,Power Grid Corporation Of India Limited,Conatcted
,Team D,Solar power Plant At Cambay Asset,"Anand, Gujarat",UNEECOPS TECHNOLOGIES,16.70 Cr,23 Nov 2022,Dakshiani,Oil And Natural Gas Corporation Limited,Conatcted
,Team D,"Smart photovoltaic tree 10KW,Smart photovoltaic tree","Mahisagar, Gujarat",SOLAR SINGULARITY PRIVATE LIMITED,1.25 Cr,26 Sep 2022,Dakshiani,Municipality,Conatcted
,Team D,"General Operation And Maintenance Works Of 100 Mw Solar Photovoltaic Grid-connected Power Plant At Gsecl, Raghanesda Solar Park Phase-i, Gujrat For A Period Of 120 Months","Banaskantha, Gujarat",Kunamneni Technologies Private Limited,12.48 Cr,21 Sep 2022,Dakshiani,Bharat Heavy Electricals Limited,Conatcted
,Team D,"Operation And Maintenance Works Of 20mw (ac) Solar Photovoltaic Grid-connected Power Plant At Ntpc Gandhar, Gujrat For A Period Of 36 Months","Bharuch, Gujarat",Bondada Engineering Pvt Ltd,3.87 Cr,16 Jul 2022,Dakshiani,Bharat Heavy Electricals Limited,Conatcted
,Team D,"“ARC FOR CONSTRUCTION FOR SRP FOUNDATION, PANEL FOUNDATION AND ELECTRICAL DP PLA","Mahesana, Gujarat","GITANJALI CONSTRUCTION,SHREEJI CONSTRUCTION,K.B. DESAI,D R ENTERPRISES",4.31 Cr,09 Jun 2022,Dakshiani,Oil And Natural Gas Corporation Limited,Conatcted
,Team D,PROCUREMENT OF SRP SURFACE UNIT WITH MOTOR & VFD PANELS FOR ARTIFICIAL LIFT,"Ahmedabad, Gujarat","PT. SERVOTECH INDONESIA,BATAM",36.69 Cr,22 Feb 2022,Dakshiani,Oil And Natural Gas Corporation Limited,Conatcted
,Team D,PROVISION OF SOLAR POWER PLANT AT AF STATION BARODA,"Vadodara, Gujarat",M K ENGINEERS CO.,3.68 Cr,16 Dec 2021,Dakshiani,Military Engineer Services,Conatcted
,Team D,"Supply, Installation, Testing and Commissioning of VFD Panels","Mahesana, Gujarat",OPTIMIZED SOLUTIONS LIMITED,2.68 Cr,23 Nov 2021,Dakshiani,Oil And Natural Gas Corporation Limited,Conatcted
,Team D,"Transformer Package TR-33 for 2X500 MVA, 400/220/33 kV Autotransformer (3-Ph) at 765/400/220kV Bhadla-II (Extension) PS under Transmission System Strengthening Scheme for evacuation of power from Solar Energy Zones in Rajasthan (8.1 GW) under Phase II Part B1 (Part E).","Rajkot, Gujarat",M/s. ABB Power Products and Systems India Limited (APPSIL),32.24 Cr,08 Nov 2021,Dakshiani,Power Grid Corporation Of India Limited,Conatcted
,Team D,"Bid For Design, Engineering, Supply & Procurement, Erection, Testing, Commissioning And Comprehensive Operation & Maintenance For 5 (five) Years For 406 Kw (ac) Grid Connected Rooftop Solar Photovoltaic Power Project On Rooftop Of Various Buildings At Two Locations (i) Site 1- Apparel Park Depot (206 Kw) And (ii) Site 2- Gyaspur Depot (200 Kw) Of Gujarat Metro Rail Corporation (gmrc) Ltd, Gujarat.","Ahmedabad, Gujarat",M/s. Sai Cabtech Pvt. Ltd,-,15 Apr 2021,Dakshiani,Gujarat Metro Rail Corporation Limited,Conatcted
,Team D,5mw Solar Plant At Hazira On Lstk Bais,"Surat, Gujarat",MADHAV INFRA PROJECTS LIMITED,27.69 Cr,31 Mar 2021,Dakshiani,Oil And Natural Gas Corporation Limited,Conatcted
,Team D,"JC19ELT325 Design, Engineering, Procurement, Construction of 600KWp On Grid Roof Mounted Captive Solar Power Project at IndianOil Gujarat Refinery Township.","Vadodara, Gujarat",SunSource Energy Pvt. Ltd.,2.80 Cr,04 May 2020,Dakshiani,Indian Oil Corporation Limited,Conatcted
,Team D,PROVN OF 0.5 MW SOLAR POWER PLANT AT MIL STN JAMNAGAR,"Jamnagar, Gujarat",KOSOL ENERGIE PVT. LTD.,3.50 Cr,26 Jul 2019,Dakshiani,Military Engineer Services,Conatcted
,Team D,PROVN OF 0.72 MW SOLAR POWER PLANT AT MIL STN BHUJ,"Kachchh, Gujarat",shree ram laxman sthaptya co,4.68 Cr,21 Jan 2019,Dakshiani,Military Engineer Services,Conatcted
,Team D,PROVN OF 01 MW SOLAR POWER PLANT AT MIL STN DHRANGDHRA,"Surendra Nagar, Gujarat",shree ram laxman sthaptya co,5.22 Cr,19 Jan 2019,Dakshiani,Military Engineer Services,Conatcted
,Team D,PROVN OF 01 MW SOLAR POWER WK AT VADODARA,"Vadodara, Gujarat",Bansal and Company,7.14 Cr,26 Apr 2018,Dakshiani,Military Engineer Services,Conatcted
,Team D,"SITC of Design Based Roof Top Solar Photo Voltaic Power Plant for Terminal -2 at SVPI Airport, Ahmedabad","Ahmedabad, Gujarat",PROZEAL INFRA ENGINEERING PRIVATE LIMITED,3.36 Cr,21 Feb 2018,Dakshiani,Airports Authority Of India,Conatcted
,Team D,"Design, Supply, Installation, Testing and Commissioning of 675 KWp Grid Connected Ground Mounted Solar Photo Voltaic Power Plant at Vadodara Airport.","Vadodara, Gujarat",U R Energy India Pvt. Ltd.,3.57 Cr,16 Feb 2018,Dakshiani,Airports Authority Of India,Conatcted
,Team D,8 MWp Solar Power Project at IndianOil Sanand BP Gujarat,"Vadodara, Gujarat",Jakson Engineers Limited,34.84 Cr,01 Dec 2016,Dakshiani,Indian Oil Corporation Limited,Conatcted
,Team D,"Supply, Installation, Testing, Commissioning And 5 Years Amc Of 1000 Kw Grid Interactive Solar Power System At Gujarat Refinery","Vadodara, Gujarat",FEPL ENGG. (P) LTD.,4.97 Cr,11 Mar 2016,Dakshiani,Indian Oil Corporation Limited,Conatcted
,Team D,"Supply, Erection and Commissioning Solar Street Lighting System of 24 Watt LED 500 Nos. Street Light Poles at KASEZ, Gandhidham.","Kachchh, Gujarat",SUNRISE TECHNOLOGY,1.47 Cr,25 Jan 2016,Dakshiani,NBCC India Limited,Conatcted
,Team D,"General O and M works of 100 MW Solar PV Power plant at GSECL, Raghanesda Solar Park Phase II Gujrat","Banaskantha, Gujarat",SAHARA CONSTRUCTION COMPANY,10.81 Cr,-,Dakshiani,Bharat Heavy Electricals Limited,Conatcted
,Team D,"Setting up of 1 MW Solar Power Project on Rooftop under Viability Gap Funding VGF Scheme at KASEZ Gandhidham, Kutch","Kachchh, Gujarat",KEC International Limited,5.15 Cr,-,Dakshiani,NBCC India Limited,Conatcted
,Team D,Provision of new canopy with LED lights at Six Retail Outlets Lot05 under Ahmedabad Divisional Office of Gujarat State Office,"Ahmedabad, Gujarat",KANISHKA CONSTRUCTION,1.35 Cr,-,Dakshiani,Indian Oil Corporation Limited,Conatcted
,Team D,Provision of new canopy with LED lights at Seven Retail Outlets Lot04 under Ahmedabad Divisional Office of Gujarat State Office,"Ahmedabad, Gujarat",KANISHKA CONSTRUCTION,1.61 Cr,-,Dakshiani,Indian Oil Corporation Limited,Conatcted
,Team D,"Technical O and M works of 100 MW Solar PV Power plant at GSECL, Raghanesda Solar Park Phase iI Gujrat","Banaskantha, Gujarat",SHRI SAI ELECTRICAL,10.67 Cr,-,Dakshiani,Bharat Heavy Electricals Limited,Conatcted